{"cameraMode":{"drawMode":0,"name":"Shaded","section":"Shading Mode"},"sceneLighting":false,"audioPlay":false,"sceneViewState":{"m_AlwaysRefresh":false,"showFog":true,"showSkybox":false,"showFlares":true,"showImageEffects":true,"showParticleSystems":true,"showVisualEffectGraphs":true,"m_FxEnabled":true},"in2DMode":false,"pivot":{"x":-0.17069664597511292,"y":-0.02281409502029419,"z":0.3243422508239746},"rotation":{"x":-0.0767110139131546,"y":0.024522433057427408,"z":-0.001887294347397983,"w":-0.9967496991157532},"size":1.7660253047943116,"orthographic":false}